{
" assessmentData":[
  {    
  "mdsName":"Test, Yasho",
  "mdsId":"56655",
  "mdsStatus":"open",
  "ardDateTime": "2019-04-01T05:01:00.000Z"

}, {
  
  "mdsname":"Test, Yasho",
  "mdsId":"566565",
  "mdsStatus":"Open",
  "ardDateTime": "2020-04-01T05:01:00.000Z"
}, {
  
  "mdsname":"Test, Yasho",
  "mdsId":"326565",
  "mdsStatus":"Open",
  "ardDateTime": "2023-04-01T05:08:00.000Z"
},{
"mdsname":"Test, Yasho",
"mdsId":"3265605",
"mdsStatus":"Zip-Ready",
"ardDateTime": "2020-02-01T05:01:00.000Z"
},
{
"mdsname":"Test, Yasho",
"mdsId":"3265645",
"mdsStatus":"Signature-Ready",
"ardDateTime": "2019-04-01T05:02:00.000Z"
},{
"mdsname":"Test, Yasho",
"mdsId":"3265605",
"mdsStatus":"Closed",
"ardDateTime": "2020-02-01T05:01:00.000Z"
}]
}




  
     
  

  
  
  
  



