{
    "facilities": [
      {
        "id": "4059967",
        "name": "BWBH",
        "exportType": "1.00",
        "timeZone": "America/Chicago"
      },
      {
        "id": "389287873",
        "name": "Bangaore",
        "exportType": "3.00",
        "timeZone": "America/Chicago"
      },
      {
        "id": "666517443",
        "name": "IRFPAITESTORGTWO",
        "exportType": "1.00",
        "timeZone": "America/Chicago"
      },
      {
        "id": "4059968",
        "name": "BWCH",
        "exportType": "3.00",
        "timeZone": "America/Chicago"
      }
    ],
    "transactionStatus": {
      "status": "S",
      "subEventStatus": [
        {
          "operationName": null,
          "operationStatus": null,
          "targetObjectName": null,
          "targetObjectValue": ""
        }
      ]
    }
  }