{
    "recordData": {
      "userName": "Jhamvar, Yasho",
      "logicalDomain": {
        "id": "0",
        "mnemonic": " "
      },
      "patients": [{
        "patientId": "133175250",
        "encounterId": "38860259",
        "nameFullFormatted": "Test, Yasho",
        "patientIdentifier": "10006760",
        "admissionDateTime": "2019-09-01T05:00:00.000Z",
        "encounterCreateDateTime": "2019-09-27T21:03:55.000Z",
        "dischargeDateTime": "2019-09-15T05:00:00.000Z",
        "lengthOfStay": 15,
        "previouslySigned": false,
        "previouslyExported": false,
        "lastExportDateDisp": "",
        "upcomingVersionFlag": 1,
        "versionChoice": false,
        "nameLastFirst": "Test_Yasho",
        "exportedByPrsnlid": null,
        "exportedByPrsnlName": "",
        "buildingId": "4063404",
        "buildingName": "COUNTY HOSPITAL",
        "checked": false,
        "dateTimeConsidered": true
      }, {
        "patientId": "115975211",
        "encounterId": "33802326",
        "nameFullFormatted": "test_deprec, csv_fe",
        "patientIdentifier": "10006403",
        "admissionDateTime": "2019-04-01T05:01:00.000Z",
        "encounterCreateDateTime": "2019-04-16T19:28:03.000Z",
        "dischargeDateTime": "2019-04-10T05:01:00.000Z",
        "lengthOfStay": 10,
        "previouslySigned": false,
        "previouslyExported": false,
        "lastExportDateDisp": "",
        "upcomingVersionFlag": 0,
        "versionChoice": false,
        "nameLastFirst": "test_deprec_csv_fe",
        "exportedByPrsnlid": null,
        "exportedByPrsnlName": "",
        "buildingId": "4063404",
        "buildingName": "COUNTY HOSPITAL",
        "checked": false,
        "dateTimeConsidered": true
      }, {
        "patientId": "108248797",
        "encounterId": "30877025",
        "nameFullFormatted": "test_irfpai, test_irfpai",
        "patientIdentifier": "10006124",
        "admissionDateTime": "2019-02-24T06:00:00.000Z",
        "encounterCreateDateTime": "2019-02-26T18:43:16.000Z",
        "dischargeDateTime": "2019-02-26T06:00:00.000Z",
        "lengthOfStay": 3,
        "previouslySigned": false,
        "previouslyExported": false,
        "lastExportDateDisp": "",
        "upcomingVersionFlag": 0,
        "versionChoice": false,
        "nameLastFirst": "test_irfpai_test_irfpai",
        "exportedByPrsnlid": null,
        "exportedByPrsnlName": "",
        "buildingId": "4063404",
        "buildingName": "COUNTY HOSPITAL",
        "checked": false,
        "dateTimeConsidered": true
      }, {
        "patientId": "139826196",
        "encounterId": "40776594",
        "nameFullFormatted": "Novac, Djoker",
        "patientIdentifier": "10006810",
        "admissionDateTime": "",
        "encounterCreateDateTime": "2019-12-03T06:06:07.000Z",
        "dischargeDateTime": null,
        "lengthOfStay": 0,
        "previouslySigned": false,
        "previouslyExported": false,
        "lastExportDateDisp": "",
        "upcomingVersionFlag": 0,
        "versionChoice": false,
        "nameLastFirst": "Novac_Djoker",
        "exportedByPrsnlid": null,
        "exportedByPrsnlName": "",
        "buildingId": "4063404",
        "buildingName": "COUNTY HOSPITAL",
        "checked": false,
        "dateTimeConsidered": false
      }, {
        "patientId": "126828712",
        "encounterId": "37039755",
        "nameFullFormatted": "Testing, MAD",
        "patientIdentifier": "10006618",
        "admissionDateTime": "",
        "encounterCreateDateTime": "2019-07-24T19:07:22.000Z",
        "dischargeDateTime": null,
        "lengthOfStay": 0,
        "previouslySigned": false,
        "previouslyExported": false,
        "lastExportDateDisp": "",
        "upcomingVersionFlag": 0,
        "versionChoice": false,
        "nameLastFirst": "Testing_MAD",
        "exportedByPrsnlid": null,
        "exportedByPrsnlName": "",
        "buildingId": "4063404",
        "buildingName": "COUNTY HOSPITAL",
        "checked": false,
        "dateTimeConsidered": false
      }, {
        "patientId": "78553648",
        "encounterId": "30877256",
        "nameFullFormatted": "BHAVANI_TEST, BHAVANI N",
        "patientIdentifier": "10002864",
        "admissionDateTime": "2019-02-23T06:00:00.000Z",
        "encounterCreateDateTime": "2019-02-26T18:52:53.000Z",
        "dischargeDateTime": null,
        "lengthOfStay": 0,
        "previouslySigned": false,
        "previouslyExported": false,
        "lastExportDateDisp": "",
        "upcomingVersionFlag": 1,
        "versionChoice": true,
        "nameLastFirst": "BHAVANI_TEST_BHAVANI",
        "exportedByPrsnlid": null,
        "exportedByPrsnlName": "",
        "buildingId": "4063404",
        "buildingName": "COUNTY HOSPITAL",
        "checked": false,
        "dateTimeConsidered": true
      }]
    },
    "statusData": {
      "status": "S",
      "subeventStatus": [{
        "operationName": "Get Patient List",
        "operationStatus": "S",
        "targetObjectName": null,
        "targetObjectValue": "Get Patient List executed successfully"
      }]
    }
}