{
    "mdsstatus": [
      {
        "id": "5466565",
        "name": "Open"
        
      },
      {
        "id": "35654665",
        "name": "Closed"
        
      },
      {
        "id": "43546655665",
        "name": "Signature Ready"

      },
      {
        "id": "2354665656",
        "name": "Zip Ready"
        
      },
      {
        
        "id": "2354665656",
        "name": "CMS Pending"
            
        
      }

    ],
    "transactionStatus": {
      "status": "S",
      "subEventStatus": [
        {
          "operationName": null,
          "operationStatus": null,
          "targetObjectName": null,
          "targetObjectValue": ""
        }
      ]
    }
  }